,dataset,split,task_id,model,code,result,compiled,passed_tests,avg_test_time,loc,lloc,sloc,comments,multi,blank,single_comments,CC,h1,h2,N1,N2,vocabulary,length,calculated_length,volume,difficulty,effort,time,bugs,MI
0,openai_humaneval,test,0,llama3_0_shot_finetuned_5_epoch,"from typing import List

def has_close_elements(numbers: List[float], threshold: float) -> bool:
    """""" Check if in given list of numbers, are any two numbers closer to each other than
    given threshold.
    >>> has_close_elements([1.0, 2.0, 3.0], 0.5)
    False
    >>> has_close_elements([1.0, 2.8, 3.0, 4.0, 5.0, 2.0], 0.3)
    True
    """"""
    for elem in numbers:
        for elem2 in numbers:
            if elem!= elem2:
                distance = abs(elem - elem2)
                if distance < threshold:
                    return True

    return False",failed: ,True,False,,18.0,10.0,9.0,0.0,7.0,2.0,0.0,5.0,3.0,4.0,3.0,6.0,7.0,9.0,12.75488750216347,25.26619429851844,2.25,56.848937171666485,3.158274287314805,0.008422064766172813,95.9752910566147
1,openai_humaneval,test,1,llama3_0_shot_finetuned_5_epoch,"from typing import List

def separate_paren_groups(paren_string: str) -> List[str]:
    result = []
    current_string = []
    current_depth = 0

    for c in paren_string:
        if c == '(':
            current_depth += 1
            current_string.append(c)
        elif c == ')':
            current_depth -= 1
            current_string.append(c)

            if current_depth == 0:
                result.append(''.join(current_string))
                current_string.clear()

    return result",passed,True,True,8.86366999945191e-05,20.0,16.0,16.0,0.0,0.0,4.0,0.0,5.0,3.0,6.0,5.0,10.0,9.0,15.0,20.264662506490406,47.548875021634686,2.5,118.87218755408671,6.604010419671484,0.01584962500721156,61.31749732423442
2,openai_humaneval,test,2,llama3_0_shot_finetuned_5_epoch,"def truncate_number(number: float) -> float:
    """""" Given a positive floating point number, it can be decomposed into
    and integer part (largest integer smaller than given number) and decimals
    (leftover part always smaller than 1).

    Return the decimal part of the number.
    >>> truncate_number(3.5)
    0.5
    """"""
    return.(number - int(number))","failed: invalid syntax (<string>, line 10)",False,False,,,,,,,,,,,,,,,,,,,,,,
3,openai_humaneval,test,3,llama3_0_shot_finetuned_5_epoch,"from typing import List

def below_zero(operations: List[int]) -> bool:
    balance = 0

    for op in operations:
        balance += op
        if balance < 0:
            return True

    return False",passed,True,True,0.00012148496666668507,11.0,8.0,8.0,0.0,0.0,3.0,0.0,3.0,2.0,3.0,2.0,4.0,5.0,6.0,6.754887502163469,13.931568569324174,1.3333333333333333,18.575424759098897,1.0319680421721609,0.004643856189774725,71.88621556846499
4,openai_humaneval,test,4,llama3_0_shot_finetuned_5_epoch,"from typing import List

def mean_absolute_deviation(numbers: List[float]) -> float:
    """""" For a given list of input numbers, calculate Mean Absolute Deviation
    around the mean of this dataset.
    Mean Absolute Deviation is the average absolute difference between each
    element and a centerpoint (mean in this case):
    MAD = average | x - x_mean |
    >>> mean_absolute_deviation([1.0, 2.0, 3.0, 4.0])
    1.0
    """"""
    mean = sum(numbers) / len(numbers)
    return sum(abs(x - mean) for x in numbers) / len(numbers)",passed,True,True,9.530483333340575e-05,13.0,5.0,4.0,0.0,8.0,1.0,0.0,2.0,2.0,6.0,3.0,6.0,8.0,9.0,17.509775004326936,27.0,1.0,27.0,1.5,0.009,80.59177475763835
5,openai_humaneval,test,5,llama3_0_shot_finetuned_5_epoch,"from typing import List

def intersperse(numbers: List[int], delimeter: int) -> List[int]:
    if not numbers:
        return []

    result = [numbers[0]]
    for n in numbers[1:]:
        result.append(delimeter)
        result.append(n)
    return result",passed,True,True,8.451780000010937e-05,11.0,9.0,9.0,0.0,0.0,2.0,0.0,3.0,1.0,1.0,1.0,1.0,2.0,2.0,0.0,2.0,0.5,1.0,0.05555555555555555,0.0006666666666666666,76.67286345511201
6,openai_humaneval,test,6,llama3_0_shot_finetuned_5_epoch,"from typing import List

def parse_nested_parens(paren_string: str) -> List[int]:
    def parse_paren_group(s):
        depth = 0
        max_depth = 0
        for c in s:
            if c == '(':
                depth += 1
                max_depth = max(depth, max_depth)
            else:
                depth -= 1
        return max_depth

    return [parse_paren_group(x) for x in paren_string.split() if x]",passed,True,True,8.002979999967389e-05,15.0,13.0,13.0,0.0,0.0,2.0,0.0,3.0,3.0,4.0,3.0,6.0,7.0,9.0,12.75488750216347,25.26619429851844,2.25,56.848937171666485,3.158274287314805,0.008422064766172813,65.47636865786144
7,openai_humaneval,test,7,llama3_0_shot_finetuned_5_epoch,"from typing import List

def filter_by_substring(strings: List[str], substring: str) -> List[str]:
    """""" Filter an input list of strings only for ones that contain given substring
    >>> filter_by_substring([], 'a')
    []
    >>> filter_by_substring(['abc', 'bacd', 'cde', 'array'], 'a')
    ['abc', 'bacd', 'array']
    """"""
    return list(filter(lambda s: substring in s, strings))",passed,True,True,0.00012132993333201133,10.0,5.0,3.0,0.0,6.0,1.0,0.0,1.0,1.0,2.0,1.0,2.0,3.0,3.0,2.0,4.754887502163469,0.5,2.3774437510817346,0.1320802083934297,0.0015849625007211565,86.0073606708061
8,openai_humaneval,test,8,llama3_0_shot_finetuned_5_epoch,"from typing import List, Tuple

def sum_product(numbers: List[int]) -> Tuple[int, int]:
    """""" For a given list of integers, return a tuple consisting of a sum and a product of all the integers in a list.
    Empty sum should be equal to 0 and empty product should be equal to 1.
    >>> sum_product([])
    (0, 1)
    >>> sum_product([1, 2, 3, 4])
    (10, 24)
    """"""
    sum_value = 0
    prod_value = 1
    for n in numbers:
        sum_value += n
        prod_value *= n
    return sum_value if sum_value else 0, 0 if prod_value else 1",failed: ,True,False,,16.0,9.0,8.0,0.0,7.0,1.0,0.0,4.0,2.0,3.0,2.0,4.0,5.0,6.0,6.754887502163469,13.931568569324174,1.3333333333333333,18.575424759098897,1.0319680421721609,0.004643856189774725,97.9237200750246
9,openai_humaneval,test,9,llama3_0_shot_finetuned_5_epoch,"from typing import List

def rolling_max(numbers: List[int]) -> List[int]:
    running_max = None
    result = []
    for n in numbers:
        running_max = n if running_max is None else max(running_max, n)
        result.append(running_max)
    return result",passed,True,True,0.00010202523333570449,9.0,8.0,8.0,0.0,0.0,1.0,0.0,3.0,1.0,2.0,1.0,2.0,3.0,3.0,2.0,4.754887502163469,0.5,2.3774437510817346,0.1320802083934297,0.0015849625007211565,75.15517382051522
10,openai_humaneval,test,10,llama3_0_shot_finetuned_5_epoch,,failed: name 'make_palindrome' is not defined,True,False,,,,,,,,,,,,,,,,,,,,,,
11,openai_humaneval,test,11,llama3_0_shot_finetuned_5_epoch,"from typing import List

def string_xor(a: str, b: str) -> str:
    """""" Input are two strings a and b consisting only of 1s and 0s.
    Perform binary XOR on these inputs and return result also as a string.
    >>> string_xor('010', '110')
    '100'
    """"""
    return ''.join('1' if x!= y else '0' for x, y in zip(a, b))",passed,True,True,5.9754366666690355e-05,9.0,4.0,3.0,0.0,5.0,1.0,0.0,3.0,1.0,2.0,1.0,2.0,3.0,3.0,2.0,4.754887502163469,0.5,2.3774437510817346,0.1320802083934297,0.0015849625007211565,94.87411876956551
12,openai_humaneval,test,12,llama3_0_shot_finetuned_5_epoch,"from typing import List, Optional

def longest(strings: List[str]) -> Optional[str]:
    """""" Out of list of strings, return the longest one. Return the first one in case of multiple
    strings of the same length. Return None in case the input list is empty.
    >>> longest([])

    >>> longest(['a', 'b', 'c'])
    'a'
    >>> longest(['a', 'bb', 'ccc'])
    'ccc'
    """"""
    if not strings:
        return None

    max_len = max(len(s) for s in strings)
    return next(s for s in strings if len(s) == max_len)",passed,True,True,7.646493334808231e-05,17.0,7.0,6.0,0.0,8.0,3.0,0.0,5.0,2.0,3.0,2.0,3.0,5.0,5.0,6.754887502163469,11.60964047443681,1.0,11.60964047443681,0.6449800263576005,0.0038698801581456034,93.3454185591911
13,openai_humaneval,test,13,llama3_0_shot_finetuned_5_epoch,"def greatest_common_divisor(a: int, b: int) -> int:
    """""" Return a greatest common divisor of two integers a and b
    >>> greatest_common_divisor(3, 5)
    1
    >>> greatest_common_divisor(25, 15)
    5
    """"""
    while b:
        a, b = b, a % b
    return a if a else 1",passed,True,True,6.556583333197827e-05,10.0,5.0,4.0,0.0,6.0,0.0,0.0,3.0,1.0,2.0,1.0,2.0,3.0,3.0,2.0,4.754887502163469,0.5,2.3774437510817346,0.1320802083934297,0.0015849625007211565,96.21003858557296
14,openai_humaneval,test,14,llama3_0_shot_finetuned_5_epoch,"from typing import List

def all_prefixes(string: str) -> List[str]:
    """""" Return list of all prefixes from shortest to longest of the input string
    >>> all_prefixes('abc')
    ['a', 'ab', 'abc']
    """"""
    return [string[:i+1] for i in range(len(string))]",passed,True,True,7.368673333303377e-05,8.0,5.0,3.0,0.0,4.0,1.0,0.0,2.0,1.0,2.0,1.0,2.0,3.0,3.0,2.0,4.754887502163469,0.5,2.3774437510817346,0.1320802083934297,0.0015849625007211565,99.65108917260686
15,openai_humaneval,test,15,llama3_0_shot_finetuned_5_epoch,"def string_sequence(n: int) -> str:
    """""" Return a string containing space-delimited numbers starting from 0 upto n inclusive.
    >>> string_sequence(0)
    '0'
    >>> string_sequence(5)
    '0 1 2 3 4 5'
    """"""
    return''.join(map(str,range(n+1)))",failed: ,True,False,,8.0,3.0,2.0,0.0,6.0,0.0,0.0,1.0,1.0,2.0,1.0,2.0,3.0,3.0,2.0,4.754887502163469,0.5,2.3774437510817346,0.1320802083934297,0.0015849625007211565,72.06769654236032
16,openai_humaneval,test,16,llama3_0_shot_finetuned_5_epoch,"def count_distinct_characters(string: str) -> int:
    """""" Given a string, find out how many distinct characters (regardless of case) does it consist of
    >>> count_distinct_characters('xyzXYZ')
    3
    >>> count_distinct_characters('Jerry')
    4
    """"""
    return len(set(string.lower()))",passed,True,True,7.004059999834074e-05,8.0,3.0,2.0,0.0,6.0,0.0,0.0,1.0,0.0,0.0,0.0,0.0,0.0,0.0,0.0,0.0,0.0,0.0,0.0,0.0,100.0
17,openai_humaneval,test,17,llama3_0_shot_finetuned_5_epoch,"from typing import List

def parse_music(music_string: str) -> List[int]:
    note_map = {'o': 4, 'o|': 2, '.|': 1}
    return [note_map.get(x) for x in music_string.replace('|','').split()]",failed: ,True,False,,5.0,5.0,4.0,0.0,0.0,1.0,0.0,2.0,0.0,0.0,0.0,0.0,0.0,0.0,0.0,0.0,0.0,0.0,0.0,0.0,100.0
18,openai_humaneval,test,18,llama3_0_shot_finetuned_5_epoch,"def how_many_times(string: str, substring: str) -> int:
    """""" Find how many times a given substring can be found in the original string. Count overlaping cases.
    >>> how_many_times('', 'a')
    0
    >>> how_many_times('aaa', 'a')
    3
    >>> how_many_times('aaaa', 'aa')
    3
    """"""
    return sum(1 for _ in (string[i:i+len(substring)]==substring for i in range(len(string)-len(substring)+1)))",failed: ,True,False,,10.0,4.0,2.0,0.0,8.0,0.0,0.0,3.0,3.0,8.0,4.0,8.0,11.0,12.0,28.75488750216347,41.51317942364757,1.5,62.26976913547136,3.4594316186372978,0.01383772647454919,50.48776550416076
19,openai_humaneval,test,19,llama3_0_shot_finetuned_5_epoch,"from typing import List

def sort_numbers(numbers: str) -> str:
    value_map = {
        'zero': 0,
        'one': 1,
        'two': 2,
        'three': 3,
        'four': 4,
        'five': 5,
       'six': 6,
       'seven': 7,
        'eight': 8,
        'nine': 9
    }
    return''.join(sorted([value_map[i] for i in numbers.split() if i in value_map])","failed: '(' was never closed (<string>, line 16)",False,False,,,,,,,,,,,,,,,,,,,,,,
20,openai_humaneval,test,20,llama3_0_shot_finetuned_5_epoch,"from typing import List, Tuple

def find_closest_elements(numbers: List[float]) -> Tuple[float, float]:
    numbers.sort()
    min_diff = float('inf')
    pair = ()
    for i in range(len(numbers)-1):
        diff = numbers[i+1] - numbers[i]
        if diff < min_diff:
            min_diff = diff
            pair = (numbers[i], numbers[i+1])
    return pair",passed,True,True,0.00014995146666668308,12.0,11.0,11.0,0.0,0.0,1.0,0.0,3.0,3.0,7.0,5.0,10.0,10.0,15.0,24.406371956566698,49.82892142331044,2.142857142857143,106.77626019280808,5.932014455156004,0.016609640474436815,64.99380095474905
21,openai_humaneval,test,21,llama3_0_shot_finetuned_5_epoch,"from typing import List

def rescale_to_unit(numbers: List[float]) -> List[float]:
    """""" Given list of numbers (of at least two elements), apply a linear transform to that list,
    such that the smallest number will become 0 and the largest will become 1
    >>> rescale_to_unit([1.0, 2.0, 3.0, 4.0, 5.0])
    [0.0, 0.25, 0.5, 0.75, 1.0]
    """"""
    min_num = min(numbers)
    max_num = max(numbers)
    return [(x - min_num) / (max_num - min_num) for x in numbers]",passed,True,True,0.0001443714666663709,11.0,6.0,5.0,0.0,5.0,1.0,0.0,2.0,2.0,5.0,3.0,6.0,7.0,9.0,13.60964047443681,25.26619429851844,1.2,30.319433158222125,1.6844129532345624,0.008422064766172813,98.57814007788718
22,openai_humaneval,test,22,llama3_0_shot_finetuned_5_epoch,"from typing import List, Any

def filter_integers(values: List[Any]) -> List[int]:
    """""" Filter given list of any python values only for integers
    >>> filter_integers(['a', 3.14, 5])
    [5]
    >>> filter_integers([1, 2, 3, 'abc', {}, []])
    [1, 2, 3]
    """"""
    return list(filter(lambda x: isinstance(x, int), values))",passed,True,True,8.436913333345805e-05,10.0,5.0,3.0,0.0,6.0,1.0,0.0,1.0,0.0,0.0,0.0,0.0,0.0,0.0,0.0,0.0,0.0,0.0,0.0,0.0,100.0
23,openai_humaneval,test,23,llama3_0_shot_finetuned_5_epoch,"python
def strlen(string: str) -> int:
    """""" Return length of given string
    >>> strlen('')
    0
    >>> strlen('abc')
    3
    """"""
    return len(string) if string else 0",failed: name 'python' is not defined,False,False,,,,,,,,,,,,,,,,,,,,,,
24,openai_humaneval,test,24,llama3_0_shot_finetuned_5_epoch,"def largest_divisor(n: int) -> int:
    """""" For a given number n, find the largest number that divides n evenly, smaller than n
    >>> largest_divisor(15)
    5
    """"""
    for i in range(n//2,0,-1):
        if n % i ==0:
            return i",passed,True,True,6.806233333331116e-05,8.0,5.0,4.0,0.0,4.0,0.0,0.0,3.0,4.0,6.0,4.0,7.0,10.0,11.0,23.509775004326936,36.541209043760986,2.3333333333333335,85.26282110210897,4.736823394561609,0.012180403014586996,99.04886984594366
25,openai_humaneval,test,25,llama3_0_shot_finetuned_5_epoch,"from typing import List
import math

def factorize(n: int) -> List[int]:
    """""" Return list of prime factors of given integer in the order from smallest to largest.
    Each of the factors should be listed number of times corresponding to how many times it appeares in factorization.
    Input number should be equal to the product of all factors
    >>> factorize(8)
    [2, 2, 2]
    >>> factorize(25)
    [5, 5]
    >>> factorize(70)
    [2, 5, 7]
    """"""
    factors = []
    i = 2
    while i * i <= n:
        if n % i:
            i += 1
        else :
            n //= i
            while n % i == 0:
                n //= i
                factors.append(i)
    if n > 1:
        factors.append(n)
    return factors",failed: ,True,False,,27.0,17.0,16.0,0.0,10.0,1.0,0.0,5.0,7.0,6.0,9.0,18.0,13.0,27.0,35.161259458730164,99.91187238980949,10.5,1049.0746600929997,58.28192556072221,0.03330395746326983,87.65869451270474
26,openai_humaneval,test,26,llama3_0_shot_finetuned_5_epoch,"from typing import List

def remove_duplicates(numbers: List[int]) -> List[int]:
    """""" From a list of integers, remove all elements that occur more than once.
    Keep order of elements left the same as in the input.
    >>> remove_duplicates([1, 2, 3, 2, 4])
    [1, 3, 4]
    """"""
    seen = set()
    return [x for x in numbers if not (x in seen or seen.add(x))]",failed: ,True,False,,10.0,5.0,4.0,0.0,5.0,1.0,0.0,4.0,3.0,5.0,3.0,5.0,8.0,8.0,16.36452797660028,24.0,1.5,36.0,2.0,0.008,96.02720537178722
27,openai_humaneval,test,27,llama3_0_shot_finetuned_5_epoch,"python
def flip_case(string: str) -> str:
    """""" For a given string, flip lowercase characters to uppercase and uppercase to lowercase.
    >>> flip_case('Hello')
    'hELLO'
    """"""
    return string.swapcase()",failed: name 'python' is not defined,False,False,,,,,,,,,,,,,,,,,,,,,,
28,openai_humaneval,test,28,llama3_0_shot_finetuned_5_epoch,"from typing import List

def concatenate(strings: List[str]) -> str:
    """""" Concatenate list of strings into a single string
    >>> concatenate([])
    ''
    >>> concatenate(['a', 'b', 'c'])
    'abc'
    """"""
    return ''.join(map(str,strings))",passed,True,True,6.73708333332949e-05,10.0,4.0,3.0,0.0,6.0,1.0,0.0,1.0,0.0,0.0,0.0,0.0,0.0,0.0,0.0,0.0,0.0,0.0,0.0,0.0,100.0
29,openai_humaneval,test,29,llama3_0_shot_finetuned_5_epoch,"from typing import List

def filter_by_prefix(strings: List[str], prefix: str) -> List[str]:
    """""" Filter an input list of strings only for ones that start with a given prefix.
    >>> filter_by_prefix([], 'a')
    []
    >>> filter_by_prefix(['abc', 'bcd', 'cde', 'array'], 'a')
    ['abc', 'array']
    """"""
    return list(filter(lambda s: s.startswith(prefix), strings))",passed,True,True,6.876643333271204e-05,10.0,5.0,3.0,0.0,6.0,1.0,0.0,1.0,0.0,0.0,0.0,0.0,0.0,0.0,0.0,0.0,0.0,0.0,0.0,0.0,100.0
30,openai_humaneval,test,30,llama3_0_shot_finetuned_5_epoch,"python
def get_positive(l: list):
    """"""Return only positive numbers in the list.
    >>> get_positive([-1, 2, -4, 5, 6])
    [2, 5, 6]
    >>> get_positive([5, 3, -5, 2, -3, 3, 9, 0, 123, 1, -10])
    [5, 3, 2, 3, 9, 123, 1]
    """"""
    return list(filter(lambda i: i > 0, l))",failed: name 'python' is not defined,False,False,,,,,,,,,,,,,,,,,,,,,,
31,openai_humaneval,test,31,llama3_0_shot_finetuned_5_epoch,"def is_prime(n):
    """"""Return true if a given number is prime, and false otherwise.
    >>> is_prime(6)
    False
    >>> is_prime(101)
    True
    >>> is_prime(11)
    True
    >>> is_prime(13441)
    True
    >>> is_prime(61)
    True
    >>> is_prime(4)
    False
    >>> is_prime(1)
    False
    """"""
    if n < 2:
        return False
    if n == 2:
        return True
    if n % 2 == 0:
        return False
    max_div = int(n**0.5) + 1
    for i in range(3, max_div, 2):
        if n % i == 0:
            return False
    return True",passed,True,True,0.00012041026666338439,28.0,13.0,12.0,0.0,16.0,0.0,0.0,6.0,5.0,9.0,8.0,16.0,14.0,24.0,40.13896548741762,91.37651812938249,4.444444444444445,406.1178583528111,22.56210324182284,0.03045883937646083,81.07241900581444
32,openai_humaneval,test,32,llama3_0_shot_finetuned_5_epoch,"import math

def poly(xs: list, x: float):
    """"""
    Evaluates polynomial with coefficients xs at point x.
    return xs[0] + xs[1] * x + xs[1] * x^2 +.... xs[n] * x^n
    """"""
    return sum([coeff * math.pow(x, i) for i, coeff in enumerate(xs)])

def find_zero(xs: list):
    """""" xs are coefficients of a polynomial.
    find_zero find x such that poly(x) = 0.
    find_zero returns only only zero point, even if there are many.
    Moreover, find_zero only takes list xs having even number of coefficients
    and largest non zero coefficient as it guarantees
    a solution.
    >>> round(find_zero([1, 2]), 2) # f(x) = 1 + 2x
    -0.5
    >>> round(find_zero([-6, 11, -6, 1]), 2) # (x - 1) * (x - 2) * (x - 3) = -6 + 11x - 6x^2 + x^3
    1.0
    """"""
    begin, end = -1., 1.
    while poly(xs, begin) * poly(xs, end) > 0:
        begin *= 2.0
        end *= 2.0
    while end - begin > 1e-10:
        center = (begin + end) / 2.0
        if poly(xs, center) * poly(xs, begin) > 0:
            begin = center
        else:
            end = center
    return round(begin, 2)",failed: ,True,False,,32.0,17.0,15.0,0.0,15.0,2.0,0.0,2.0,6.0,16.0,12.0,23.0,22.0,35.0,79.50977500432694,156.0801066523054,4.3125,673.095459938067,37.394192218781505,0.05202670221743513,82.7709801117311
33,openai_humaneval,test,33,llama3_0_shot_finetuned_5_epoch,"def sort_third(l: list):
    """"""This function takes a list l and returns a list l' such that
    l' is identical to l in the indicies that are not divisible by three, while its values at the indicies that are divisible by three are equal
    to the values of the corresponding indicies of l, but sorted.
    >>> sort_third([1, 2, 3])
    [1, 2, 3]
    >>> sort_third([5, 6, 3, 4, 8, 9, 2])
    [2, 6, 3, 4, 8, 9, 5]
    """"""
    l = list(l)
    l[::3] = sorted([x for i,x in enumerate(l) if i % 3])
    return l",failed: attempt to assign sequence of size 2 to extended slice of size 1,True,False,,12.0,6.0,4.0,0.0,8.0,0.0,0.0,3.0,1.0,2.0,1.0,2.0,3.0,3.0,2.0,4.754887502163469,0.5,2.3774437510817346,0.1320802083934297,0.0015849625007211565,84.01109796901541
34,openai_humaneval,test,34,llama3_0_shot_finetuned_5_epoch,"def unique(l: list):
    """"""Return sorted unique elements in a list
    >>> unique([5, 3, 5, 2, 3, 3, 9, 0, 123])
    [0, 2, 3, 5, 9, 123]
    """"""
    return sorted(set(l))",passed,True,True,5.348456667585803e-05,6.0,3.0,2.0,0.0,4.0,0.0,0.0,1.0,0.0,0.0,0.0,0.0,0.0,0.0,0.0,0.0,0.0,0.0,0.0,0.0,100.0
35,openai_humaneval,test,35,llama3_0_shot_finetuned_5_epoch,"python
def max_element(l: list):
    """"""Return maximum element in the list.
    >>> max_element([1, 2, 3])
    3
    >>> max_element([5, 3, -5, 2, -3, 3, 9, 0, 123, 1, -10])
    123
    """"""
    return max(l)",failed: name 'python' is not defined,False,False,,,,,,,,,,,,,,,,,,,,,,
36,openai_humaneval,test,36,llama3_0_shot_finetuned_5_epoch,,failed: name 'fizz_buzz' is not defined,True,False,,,,,,,,,,,,,,,,,,,,,,
37,openai_humaneval,test,37,llama3_0_shot_finetuned_5_epoch,".python
def sort_even(l: list):
    """"""This function takes a list l and returns a list l' such that
    l' is identical to l in the odd indicies, while its values at the even indicies are equal
    to the values of the even indicies of l, but sorted.
    >>> sort_even([1, 2, 3])
    [1, 2, 3]
    >>> sort_even([5, 6, 3, 4])
    [3, 6, 5, 4]
    """"""
    evens = sorted(l[::2])
    odds = l[1::2]
    return [e if i % 2 else o for i, (e, o) in enumerate(zip(evens + odds, l))]","failed: invalid syntax (<string>, line 1)",False,False,,,,,,,,,,,,,,,,,,,,,,
38,openai_humaneval,test,38,llama3_0_shot_finetuned_5_epoch,,failed: name 'decode_cyclic' is not defined,True,False,,,,,,,,,,,,,,,,,,,,,,
39,openai_humaneval,test,39,llama3_0_shot_finetuned_5_epoch,"python
def prime_fib(n: int):
    """"""
    prime_fib returns n-th number that is a Fibonacci number and it's also prime.
    >>> prime_fib(1)
    2
    >>> prime_fib(2)
    3
    >>> prime_fib(3)
    5
    >>> prime_fib(4)
    13
    >>> prime_fib(5)
    89
    """"""
    import math

    def is_prime(p):
        if p < 2:
            return False
        for k in range(2, min(int(math.sqrt(p)) + 1, p - 1)):
            if p % k == 0:
                return False
        return True
    f = [0, 1]
    while True:
        f.append(f[-1] + f[-2])
        if is_prime(f[-1]):
            n -= 1
        if n == 0:
            return f[-1]",failed: name 'python' is not defined,False,False,,,,,,,,,,,,,,,,,,,,,,
40,openai_humaneval,test,40,llama3_0_shot_finetuned_5_epoch,"python
def triples_sum_to_zero(l: list):
    """"""
    triples_sum_to_zero takes a list of integers as an input.
    it returns True if there are three distinct elements in the list that
    sum to zero, and False otherwise.

    >>> triples_sum_to_zero([1, 3, 5, 0])
    False
    >>> triples_sum_to_zero([1, 3, -2, 1])
    True
    >>> triples_sum_to_zero([1, 2, 3, 7])
    False
    >>> triples_sum_to_zero([2, 4, -5, 3, 9, 7])
    True
    >>> triples_sum_to_zero([1])
    False
    """"""
    seen = set()
    for i in l:
        diff = 0 - i
        if diff in seen:
            return True
        seen.add(i)
    return False",failed: name 'python' is not defined,False,False,,,,,,,,,,,,,,,,,,,,,,
41,openai_humaneval,test,41,llama3_0_shot_finetuned_5_epoch,,failed: name 'car_race_collision' is not defined,True,False,,,,,,,,,,,,,,,,,,,,,,
42,openai_humaneval,test,42,llama3_0_shot_finetuned_5_epoch,"def incr_list(l: list):
    """"""Return list with elements incremented by 1.
    >>> incr_list([1, 2, 3])
    [2, 3, 4]
    >>> incr_list([5, 3, 5, 2, 3, 3, 9, 0, 123])
    [6, 4, 6, 3, 4, 4, 10, 1, 124]
    """"""
    return [i+1 for i in l]",passed,True,True,7.914270000052663e-05,8.0,3.0,2.0,0.0,6.0,0.0,0.0,2.0,1.0,2.0,1.0,2.0,3.0,3.0,2.0,4.754887502163469,0.5,2.3774437510817346,0.1320802083934297,0.0015849625007211565,71.9331936183837
43,openai_humaneval,test,43,llama3_0_shot_finetuned_5_epoch,"python
def pairs_sum_to_zero(l):
    """"""
    pairs_sum_to_zero takes a list of integers as an input.
    it returns True if there are two distinct elements in the list that
    sum to zero, and False otherwise.
    >>> pairs_sum_to_zero([1, 3, 5, 0])
    False
    >>> pairs_sum_to_zero([1, 3, -2, 1])
    False
    >>> pairs_sum_to_zero([1, 2, 3, 7])
    False
    >>> pairs_sum_to_zero([2, 4, -5, 3, 5, 7])
    True
    >>> pairs_sum_to_zero([1])
    False
    """"""
    seen = set()
    for num in l:
        if -num in seen:
            return True
        seen.add(num)
    return False",failed: name 'python' is not defined,False,False,,,,,,,,,,,,,,,,,,,,,,
44,openai_humaneval,test,44,llama3_0_shot_finetuned_5_epoch,,failed: name 'change_base' is not defined,True,False,,,,,,,,,,,,,,,,,,,,,,
45,openai_humaneval,test,45,llama3_0_shot_finetuned_5_epoch,"python
def triangle_area(a, h):
    """"""Given length of a side and high return area for a triangle.
    >>> triangle_area(5, 3)
    7.5
    """"""
    return 0.5 * a * h",failed: name 'python' is not defined,False,False,,,,,,,,,,,,,,,,,,,,,,
46,openai_humaneval,test,46,llama3_0_shot_finetuned_5_epoch,,failed: name 'fib4' is not defined,True,False,,,,,,,,,,,,,,,,,,,,,,
47,openai_humaneval,test,47,llama3_0_shot_finetuned_5_epoch,"python
def median(l: list):
    """"""Return median of elements in the list l.
    >>> median([3, 1, 2, 4, 5])
    3
    >>> median([-10, 4, 6, 1000, 10, 20])
    15.0
    """"""
    l = sorted(l)
    n = len(l)
    n // 2 
    if n % 2:
        return l[n//2]
    return (l[n//2 -1] + l[n//2]) / 2.0",failed: name 'python' is not defined,False,False,,,,,,,,,,,,,,,,,,,,,,
48,openai_humaneval,test,48,llama3_0_shot_finetuned_5_epoch,"def is_palindrome(text: str):
    """"""
    Checks if given string is a palindrome
    >>> is_palindrome('')
    True
    >>> is_palindrome('aba')
    True
    >>> is_palindrome('aaaaa')
    True
    >>> is_palindrome('zbcd')
    False
    """"""
    text = text.replace(' ', '').lower()
    return text == text[::-1]",passed,True,True,7.847533333915635e-05,14.0,5.0,3.0,0.0,11.0,0.0,0.0,1.0,2.0,3.0,2.0,3.0,5.0,5.0,6.754887502163469,11.60964047443681,1.0,11.60964047443681,0.6449800263576005,0.0038698801581456034,55.66178687266206
49,openai_humaneval,test,49,llama3_0_shot_finetuned_5_epoch,"def modp(n: int, p: int):
    """"""Return 2^n modulo p (be aware of numerics).
    >>> modp(3, 5)
    3
    >>> modp(1101, 101)
    2
    >>> modp(0, 101)
    1
    >>> modp(3, 11)
    8
    >>> modp(100, 101)
    1
    """"""
    return pow(2, n, p)",passed,True,True,8.55278999855121e-05,14.0,3.0,2.0,0.0,12.0,0.0,0.0,1.0,0.0,0.0,0.0,0.0,0.0,0.0,0.0,0.0,0.0,0.0,0.0,0.0,100.0
50,openai_humaneval,test,50,llama3_0_shot_finetuned_5_epoch,,failed: name 'decode_shift' is not defined,True,False,,,,,,,,,,,,,,,,,,,,,,
51,openai_humaneval,test,51,llama3_0_shot_finetuned_5_epoch,"def remove_vowels(text):
    """"""
    remove_vowels is a function that takes string and returns string without vowels.
    >>> remove_vowels('')
    ''
    >>> remove_vowels(""abcdef\nghijklm"")
    'bcdf\nghjklm'
    >>> remove_vowels('abcdef')
    'bcdf'
    >>> remove_vowels('aaaaa')
    ''
    >>> remove_vowels('aaBAA')
    'B'
    >>> remove_vowels('zbcd')
    'zbcd'
    """"""
    return """".join([c for c in text if c.lower() not in ""aeiou""])",passed,True,True,7.705789999998084e-05,17.0,3.0,2.0,0.0,15.0,0.0,0.0,3.0,1.0,2.0,1.0,2.0,3.0,3.0,2.0,4.754887502163469,0.5,2.3774437510817346,0.1320802083934297,0.0015849625007211565,67.73115796691512
52,openai_humaneval,test,52,llama3_0_shot_finetuned_5_epoch,,failed: name 'below_threshold' is not defined,True,False,,,,,,,,,,,,,,,,,,,,,,
53,openai_humaneval,test,53,llama3_0_shot_finetuned_5_epoch,"def add(x: int, y: int)-> int:
    """"""Add two numbers x and y
    >>> add(2, 3)
    5
    >>> add(5, 7)
    12
    """"""
    return x + y",passed,True,True,0.00023752216667010845,8.0,3.0,2.0,0.0,6.0,0.0,0.0,1.0,1.0,2.0,1.0,2.0,3.0,3.0,2.0,4.754887502163469,0.5,2.3774437510817346,0.1320802083934297,0.0015849625007211565,72.06769654236032
54,openai_humaneval,test,54,llama3_0_shot_finetuned_5_epoch,"def same_chars(s0: str, s1: str):
    """"""
    Check if two words have the same characters.
    >>> same_chars('eabcdzzzz', 'dddzzzzzzzddeddabc')
    True
    >>> same_chars('abcd', 'dddddddabc')
    True
    >>> same_chars('dddddddabc', 'abcd')
    True
    >>> same_chars('eabcd', 'dddddddabc')
    False
    >>> same_chars('abcd', 'dddddddabce')
    False
    >>> same_chars('eabcdzzzz', 'dddzzzzzzzddddabc')
    False
    """"""
    return sorted(s0) == sorted(s1)",failed: ,True,False,,17.0,3.0,2.0,0.0,15.0,0.0,0.0,1.0,1.0,2.0,1.0,2.0,3.0,3.0,2.0,4.754887502163469,0.5,2.3774437510817346,0.1320802083934297,0.0015849625007211565,68.00016381486833
55,openai_humaneval,test,55,llama3_0_shot_finetuned_5_epoch,"def fib(n: int):
    """"""Return n-th Fibonacci number.
    >>> fib(10)
    55
    >>> fib(1)
    1
    >>> fib(8)
    21
    """"""
    if n <= 1:
        return n
    a, b = 0, 1
    for _ in range(2, n + 1):
        a, b = b, a + b
    return b",passed,True,True,6.725943333852532e-05,15.0,8.0,7.0,0.0,8.0,0.0,0.0,3.0,2.0,4.0,3.0,6.0,6.0,9.0,10.0,23.264662506490403,1.5,34.89699375973561,1.938721875540867,0.007754887502163467,93.70382040454093
56,openai_humaneval,test,56,llama3_0_shot_finetuned_5_epoch,,failed: name 'correct_bracketing' is not defined,True,False,,,,,,,,,,,,,,,,,,,,,,
57,openai_humaneval,test,57,llama3_0_shot_finetuned_5_epoch,"def monotonic(l: list):
    """"""Return True is list elements are monotonically increasing or decreasing.
    >>> monotonic([1, 2, 4, 20])
    True
    >>> monotonic([1, 20, 4, 10])
    False
    >>> monotonic([4, 1, 0, -10])
    True
    """"""
    if l == sorted(l) or sorted(l, reverse=True) == l:
        return True
    return False",passed,True,True,0.0001414716999988741,12.0,5.0,4.0,0.0,8.0,0.0,0.0,3.0,2.0,5.0,3.0,6.0,7.0,9.0,13.60964047443681,25.26619429851844,1.2,30.319433158222125,1.6844129532345624,0.008422064766172813,80.65909738865734
58,openai_humaneval,test,58,llama3_0_shot_finetuned_5_epoch,"python
def common(l1: list, l2: list):
    """"""Return sorted unique common elements for two lists.
    >>> common([1, 4, 3, 34, 653, 2, 5], [5, 7, 1, 5, 9, 653, 121])
    [1, 5, 653]
    >>> common([5, 3, 2, 8], [3, 2])
    [2, 3]

    """"""
    return sorted(set(e for e1 in l1 for e2 in l2 if e1 == e2))",failed: name 'python' is not defined,False,False,,,,,,,,,,,,,,,,,,,,,,
59,openai_humaneval,test,59,llama3_0_shot_finetuned_5_epoch,"def largest_prime_factor(n: int):
        """"""Return the largest prime factor of n. Assume n > 1 and is not a prime.
        >>> largest_prime_factor(13195)
        29
        >>> largest_prime_factor(2048)
        2
        """"""
        def is_prime(k):
            if k < 2:
                return False
            for i in range(2, int(k**0.5) + 1):
                if k % i == 0:
                    return False
            return True
        largest = 1
        for j in range(2, int(n**0.5) + 1):
            if n % j == 0 and is_prime(j):
                largest = max(largest, j)
        return largest",failed: ,True,False,,19.0,14.0,13.0,0.0,6.0,0.0,0.0,4.0,6.0,17.0,10.0,20.0,23.0,30.0,84.99664330558272,135.7068586817104,3.5294117647058822,478.9653835825073,26.60918797680596,0.04523561956057014,88.37962036084608
60,openai_humaneval,test,60,llama3_0_shot_finetuned_5_epoch,,failed: name 'sum_to_n' is not defined,True,False,,,,,,,,,,,,,,,,,,,,,,
61,openai_humaneval,test,61,llama3_0_shot_finetuned_5_epoch,,failed: name 'correct_bracketing' is not defined,True,False,,,,,,,,,,,,,,,,,,,,,,
62,openai_humaneval,test,62,llama3_0_shot_finetuned_5_epoch,"def derivative(xs: list):
    """""" xs represent coefficients of a polynomial.
    xs[0] + xs[1] * x + xs[2] * x^2 +....
     Return derivative of this polynomial in the same form.
    >>> derivative([3, 1, 2, 4, 5])
    [1, 4, 12, 20]
    >>> derivative([1, 2, 3])
    [2, 6]
    """"""
    return [i * x for i, x in enumerate(xs + [0])[1:] if i]",failed: 'enumerate' object is not subscriptable,True,False,,10.0,4.0,2.0,0.0,8.0,0.0,0.0,3.0,2.0,4.0,2.0,4.0,6.0,6.0,10.0,15.509775004326936,1.0,15.509775004326936,0.861654166907052,0.005169925001442312,53.48168977904091
63,openai_humaneval,test,63,llama3_0_shot_finetuned_5_epoch,,failed: name 'fibfib' is not defined,True,False,,,,,,,,,,,,,,,,,,,,,,
64,openai_humaneval,test,64,llama3_0_shot_finetuned_5_epoch,,failed: name 'vowels_count' is not defined,True,False,,,,,,,,,,,,,,,,,,,,,,
65,openai_humaneval,test,65,llama3_0_shot_finetuned_5_epoch,".python
def circular_shift(x, shift):
    s = str(x)
    shift = shift % len(s)
    return s[shift:] + s[:shift]","failed: invalid syntax (<string>, line 1)",False,False,,,,,,,,,,,,,,,,,,,,,,
66,openai_humaneval,test,66,llama3_0_shot_finetuned_5_epoch,,failed: name 'digitSum' is not defined,True,False,,,,,,,,,,,,,,,,,,,,,,
67,openai_humaneval,test,67,llama3_0_shot_finetuned_5_epoch,,failed: name 'fruit_distribution' is not defined,True,False,,,,,,,,,,,,,,,,,,,,,,
68,openai_humaneval,test,68,llama3_0_shot_finetuned_5_epoch,,failed: name 'pluck' is not defined,True,False,,,,,,,,,,,,,,,,,,,,,,
69,openai_humaneval,test,69,llama3_0_shot_finetuned_5_epoch,"def search(lst):
        frq = [0] * (max(lst) + 1)
        for i in lst:
            frq[i] += 1
        ans = -1
        for i in range(1, len(frq)):
            if frq[i] >= i:
                ans = i
        return ans",passed,True,True,0.0006785884333330235,9.0,9.0,9.0,0.0,0.0,0.0,0.0,4.0,4.0,7.0,5.0,9.0,11.0,14.0,27.651484454403228,48.43204266092217,2.5714285714285716,124.53953827094274,6.918863237274596,0.016144014220307392,66.84685459352403
70,openai_humaneval,test,70,llama3_0_shot_finetuned_5_epoch,"def strange_sort_list(lst):
        res, switch = [], True
        while lst:
            res.append(min(lst) if switch else max(lst))
            lst = [i for i in lst if i!= res[-1]]
            switch = not switch
        return res",failed: ,True,False,,7.0,7.0,7.0,0.0,0.0,0.0,0.0,5.0,3.0,4.0,3.0,4.0,7.0,7.0,12.75488750216347,19.651484454403228,1.5,29.47722668160484,1.6376237045336022,0.00655049481813441,71.83617579426
71,openai_humaneval,test,71,llama3_0_shot_finetuned_5_epoch,"def triangle_area(a, b, c):
    '''
    Given the lengths of the three sides of a triangle. Return the area of
    the triangle rounded to 2 decimal points if the three sides form a valid triangle. 
    Otherwise return -1
    Three sides make a valid triangle when the sum of any two sides is greater 
    than the third side.
    Example:
    triangle_area(3, 4, 5) == 6.00
    triangle_area(1, 2, 10) == -1
    '''
    if a + b <= c or a + c <= b or b + c <= a:
        return -1 
    s = (a + b + c)/2    
    area = round(((s*(s-a)*(s-b)*(s-c))**0.5),2)
    return area",passed,True,True,0.00011711616666663834,16.0,7.0,6.0,0.0,10.0,0.0,0.0,4.0,8.0,21.0,18.0,36.0,29.0,54.0,116.23866587835397,262.33097373688895,6.857142857142857,1798.8409627672384,99.93560904262435,0.08744365791229632,77.2425209969599
72,openai_humaneval,test,72,llama3_0_shot_finetuned_5_epoch,"def will_it_fly(q,w):
    '''
    Write a function that returns True if the object q will fly, and False otherwise.
    The object q will fly if it's balanced (it is a palindromic list) and the sum of its elements is less than or equal the maximum possible weight w.

    Example:
    will_it_fly([1, 2], 5) ➞ False 
    # 1+2 is less than the maximum possible weight, but it's unbalanced.

    will_it_fly([3, 2, 3], 1) ➞ False
    # it's balanced, but 3+2+3 is more than the maximum possible weight.

    will_it_fly([3, 2, 3], 9) ➞ True
    # 3+2+3 is less than the maximum possible weight, and it's balanced.

    will_it_fly([3], 5) ➞ True
    # 3 is less than the maximum possible weight, and it's balanced.
    '''
    if sum(q) > w:
        return False

    i, j = 0, len(q)-1
    while i < j:
        if q[i]!= q[j]:
            return False
        i += 1
        j -= 1
    return True",passed,True,True,8.702519999999787e-05,28.0,11.0,10.0,0.0,13.0,5.0,0.0,4.0,5.0,8.0,6.0,12.0,13.0,18.0,35.60964047443681,66.60791492653966,3.75,249.77968097452373,13.876648943029096,0.022202638308846556,84.52090011044952
73,openai_humaneval,test,73,llama3_0_shot_finetuned_5_epoch,"def smallest_change(arr):
        """"""
        Given an array arr of integers, find the minimum number of elements that
        need to be changed to make the array palindromic. A palindromic array is an array that
        is read the same backwards and forwards. In one change, you can change one element to any other element.

        For example:
        smallest_change([1,2,3,5,4,7,9,6]) == 4
        smallest_change([1, 2, 3, 4, 3, 2, 2]) == 1
        smallest_change([1, 2, 3, 2, 1]) == 0
        """"""
        ans = 0
        for i in range(len(arr) // 2):
            if arr[i]!= arr[-i - 1]:
                ans += 1
        return ans",passed,True,True,0.00013156920000009602,16.0,7.0,6.0,0.0,9.0,1.0,0.0,3.0,5.0,8.0,5.0,9.0,13.0,14.0,35.60964047443681,51.80615605397529,2.8125,145.70481390180552,8.09471188343364,0.01726871868465843,85.75963088775296
74,openai_humaneval,test,74,llama3_0_shot_finetuned_5_epoch,"def total_match(lst1, lst2):
    '''
    Write a function that accepts two lists of strings and returns the list that has 
    total number of chars in the all strings of the list less than the other list.

    if the two lists have the same number of chars, return the first list.

    Examples
    total_match([], []) ➞ []
    total_match(['hi', 'admin'], ['hI', 'Hi']) ➞ ['hI', 'Hi']
    total_match(['hi', 'admin'], ['hi', 'hi', 'admin', 'project']) ➞ ['hi', 'admin']
    total_match(['hi', 'admin'], ['hI', 'hi', 'hi']) ➞ ['hI', 'hi', 'hi']
    total_match(['4'], ['1', '2', '3', '4', '5']) ➞ ['4']
    '''
    l1 = sum(len(st) for st in lst1)
    l2 = sum(len(st) for st in lst2)
    return lst1 if l1 <= l2 else lst2",passed,True,True,0.00019166900000016084,17.0,5.0,4.0,0.0,11.0,2.0,0.0,4.0,1.0,2.0,1.0,2.0,3.0,3.0,2.0,4.754887502163469,0.5,2.3774437510817346,0.1320802083934297,0.0015849625007211565,70.9844523593622
75,openai_humaneval,test,75,llama3_0_shot_finetuned_5_epoch,,failed: name 'is_multiply_prime' is not defined,True,False,,,,,,,,,,,,,,,,,,,,,,
76,openai_humaneval,test,76,llama3_0_shot_finetuned_5_epoch,,failed: name 'is_simple_power' is not defined,True,False,,,,,,,,,,,,,,,,,,,,,,
77,openai_humaneval,test,77,llama3_0_shot_finetuned_5_epoch,"def iscube(a):
        a = abs(a)
        return round(a**(1./3.))**3 == a",passed,True,True,0.00013373606666651958,3.0,3.0,3.0,0.0,0.0,0.0,0.0,1.0,3.0,6.0,4.0,8.0,9.0,12.0,20.264662506490406,38.03910001730775,2.0,76.0782000346155,4.226566668589751,0.012679700005769252,78.39279831294493
78,openai_humaneval,test,78,llama3_0_shot_finetuned_5_epoch,"def hex_key(num):
    """"""You have been tasked to write a function that receives 
    a hexadecimal number as a string and counts the number of hexadecimal 
    digits that are primes (prime number, or a prime, is a natural number 
    greater than 1 that is not a product of two smaller natural numbers).
    Hexadecimal digits are 0, 1, 2, 3, 4, 5, 6, 7, 8, 9, A, B, C, D, E, F.
    Prime numbers are 2, 3, 5, 7, 11, 13, 17,...
    So you have to determine a number of the following digits: 2, 3, 5, 7, 
    B (=decimal 11), D (=decimal 13).
    Note: you may assume the input is always correct or empty string, 
    and symbols A,B,C,D,E,F are always uppercase.
    Examples:
    For num = ""AB"" the output should be 1.
    For num = ""1077E"" the output should be 2.
    For num = ""ABED1A33"" the output should be 4.
    For num = ""123456789ABCDEF0"" the output should be 6.
    For num = ""2020"" the output should be 2.
    """"""
    primes = ('2', '3', '5', '7', 'B', 'D')
    total = 0
    for i in num:
        if i in primes:
            total += 1
    return total",passed,True,True,0.00013151573333332797,24.0,8.0,7.0,0.0,17.0,0.0,0.0,3.0,2.0,4.0,2.0,4.0,6.0,6.0,10.0,15.509775004326936,1.0,15.509775004326936,0.861654166907052,0.005169925001442312,69.00441361699757
79,openai_humaneval,test,79,llama3_0_shot_finetuned_5_epoch,,failed: name 'decimal_to_binary' is not defined,True,False,,,,,,,,,,,,,,,,,,,,,,
80,openai_humaneval,test,80,llama3_0_shot_finetuned_5_epoch,,failed: name 'is_happy' is not defined,True,False,,,,,,,,,,,,,,,,,,,,,,
81,openai_humaneval,test,81,llama3_0_shot_finetuned_5_epoch,,failed: name 'numerical_letter_grade' is not defined,True,False,,,,,,,,,,,,,,,,,,,,,,
82,openai_humaneval,test,82,llama3_0_shot_finetuned_5_epoch,"python
def prime_length(string):
    """"""Write a function that takes a string and returns True if the string
    length is a prime number or False otherwise
    Examples
    prime_length('Hello') == True
    prime_length('abcdcba') == True
    prime_length('kittens') == True
    prime_length('orange') == False
    """"""
    l = len(string)
    if l < 2:
        return False
    if l == 2:
        return True
    for i in range(2, int(l**0.5)+1):
        if l % i == 0:
            return False
    return True",failed: name 'python' is not defined,False,False,,,,,,,,,,,,,,,,,,,,,,
83,openai_humaneval,test,83,llama3_0_shot_finetuned_5_epoch,"def starts_one_ends(n):
        """"""
        Given a positive integer n, return the count of the numbers of n-digit
        positive integers that start or end with 1.
        """"""
        if n == 1: return 10
        return 9 * (10 ** (n - 1))",failed: ,True,False,,7.0,5.0,3.0,0.0,4.0,0.0,0.0,2.0,4.0,6.0,4.0,8.0,10.0,12.0,23.509775004326936,39.863137138648355,2.6666666666666665,106.3016990363956,5.905649946466422,0.013287712379549451,93.18521157640455
84,openai_humaneval,test,84,llama3_0_shot_finetuned_5_epoch,"def solve(N):
    """"""Given a positive integer N, return the total sum of its digits in binary.
    
    Example
        For N = 1000, the sum of digits will be 1 the output should be ""1"".
        For N = 150, the sum of digits will be 6 the output should be ""110"".
        For N = 147, the sum of digits will be 12 the output should be ""1100"".
    
    Variables:
        @N integer
             Constraints: 0 ≤ N ≤ 10000.
    Output:
         a string of binary number
    """"""
    return bin(sum(int(i) for i in str(N)))[2:]",passed,True,True,9.092739999990347e-05,15.0,4.0,2.0,0.0,11.0,2.0,0.0,2.0,0.0,0.0,0.0,0.0,0.0,0.0,0.0,0.0,0.0,0.0,0.0,0.0,100.0
85,openai_humaneval,test,85,llama3_0_shot_finetuned_5_epoch,"def add(lst):
    """"""Given a non-empty list of integers lst. add the even elements that are at odd indices..


    Examples:
        add([4, 2, 6, 7]) ==> 2 
    """"""
    return sum([i for i in lst[1::2] if i % 2 == 0])",passed,True,True,7.60588332923362e-05,8.0,4.0,2.0,0.0,4.0,2.0,0.0,3.0,2.0,4.0,2.0,4.0,6.0,6.0,10.0,15.509775004326936,1.0,15.509775004326936,0.861654166907052,0.005169925001442312,84.25705591987948
86,openai_humaneval,test,86,llama3_0_shot_finetuned_5_epoch,"def anti_shuffle(s):
    """"""
    Write a function that takes a string and returns an ordered version of it.
    Ordered version of string, is a string where all words (separated by space)
    are replaced by a new word where all the characters arranged in
    ascending order based on ascii value.
    Note: You should keep the order of words and blank spaces in the sentence.

    For example:
    anti_shuffle('Hi') returns 'Hi'
    anti_shuffle('hello') returns 'ehllo'
    anti_shuffle('Hello World!!!') returns 'Hello!!!Wdlor'
    """"""
    return''.join(''.join(sorted(c)) for c in s.split())",failed: ,True,False,,14.0,3.0,2.0,0.0,11.0,1.0,0.0,2.0,0.0,0.0,0.0,0.0,0.0,0.0,0.0,0.0,0.0,0.0,0.0,0.0,100.0
87,openai_humaneval,test,87,llama3_0_shot_finetuned_5_epoch,"def get_row(lst, x):
        coords = [(i, j) for i in range(len(lst)) for j in range(len(lst[i])) if lst[i][j] == x]
        return sorted(coords, key=lambda x: (x[0],-x[1]))",passed,True,True,0.00037305239999909647,3.0,4.0,3.0,0.0,0.0,0.0,0.0,4.0,2.0,3.0,2.0,3.0,5.0,5.0,6.754887502163469,11.60964047443681,1.0,11.60964047443681,0.6449800263576005,0.0038698801581456034,78.87279827045312
88,openai_humaneval,test,88,llama3_0_shot_finetuned_5_epoch,"def sort_array(array):
        """"""
        Given an array of non-negative integers, return a copy of the given array after sorting,
        you will sort the given array in ascending order if the sum( first index value, last index value) is odd,
        or sort it in descending order if the sum( first index value, last index value) is even.

        Note:
        * don't change the given array.

        Examples:
        * sort_array([]) => []
        * sort_array([5]) => [5]
        * sort_array([2, 4, 3, 0, 1, 5]) => [0, 1, 2, 3, 4, 5]
        * sort_array([2, 4, 3, 0, 1, 5, 6]) => [6, 5, 4, 3, 2, 1, 0]
        """"""
        return array[:] if len(array) == 0 else sorted(array, reverse= (array[0]+array[-1]) % 2 == 0)",passed,True,True,0.0001800473666672057,16.0,4.0,2.0,0.0,12.0,2.0,0.0,2.0,4.0,8.0,5.0,9.0,12.0,14.0,32.0,50.18947501009619,2.25,112.92631877271643,6.273684376262024,0.016729825003365395,47.35710779762487
89,openai_humaneval,test,89,llama3_0_shot_finetuned_5_epoch,"python
def encrypt(s):
    d = 'abcdefghijklmnopqrstuvwxyz'
    out = ''
    for c in s:
        if c in d:
            out += d[(d.index(c)+2*2) % 26]
        else:
            out += c
    return out",failed: name 'python' is not defined,False,False,,,,,,,,,,,,,,,,,,,,,,
90,openai_humaneval,test,90,llama3_0_shot_finetuned_5_epoch,"def next_smallest(lst):
        """"""
        You are given a list of integers.
        Write a function next_smallest() that returns the 2nd smallest element of the list.
        Return None if there is no such element.
        
        next_smallest([1, 2, 3, 4, 5]) == 2
        next_smallest([5, 1, 4, 3, 2]) == 2
        next_smallest([]) == None
        next_smallest([1, 1]) == None
        """"""
        lst = sorted(set(lst))
        return None if len(lst) < 2 else lst[1]",passed,True,True,0.00010686176666669193,13.0,4.0,3.0,0.0,9.0,1.0,0.0,2.0,1.0,2.0,1.0,2.0,3.0,3.0,2.0,4.754887502163469,0.5,2.3774437510817346,0.1320802083934297,0.0015849625007211565,69.20778451094579
91,openai_humaneval,test,91,llama3_0_shot_finetuned_5_epoch,,failed: name 'is_bored' is not defined,True,False,,,,,,,,,,,,,,,,,,,,,,
92,openai_humaneval,test,92,llama3_0_shot_finetuned_5_epoch,,failed: name 'any_int' is not defined,True,False,,,,,,,,,,,,,,,,,,,,,,
93,openai_humaneval,test,93,llama3_0_shot_finetuned_5_epoch,,failed: name 'encode' is not defined,True,False,,,,,,,,,,,,,,,,,,,,,,
94,openai_humaneval,test,94,llama3_0_shot_finetuned_5_epoch,,failed: name 'skjkasdkd' is not defined,True,False,,,,,,,,,,,,,,,,,,,,,,
95,openai_humaneval,test,95,llama3_0_shot_finetuned_5_epoch,"def check_dict_case(dict):
    """"""
    Given a dictionary, return True if all keys are strings in lower 
    case or all keys are strings in upper case, else return False.
    The function should return False is the given dictionary is empty.
    Examples:
    check_dict_case({""a"":""apple"", ""b"":""banana""}) should return True.
    check_dict_case({""a"":""apple"", ""A"":""banana"", ""B"":""banana""}) should return False.
    check_dict_case({""a"":""apple"", 8:""banana"", ""a"":""apple""}) should return False.
    check_dict_case({""Name"":""John"", ""Age"":""36"", ""City"":""Houston""}) should return False.
    check_dict_case({""STATE"":""NC"", ""ZIP"":""12345"" }) should return True.
    """"""
    if not dict:
        return False
    state = None
    for key in dict:
        if not isinstance(key, str):
            return False
        if state is None:
            state = key.islower()
        elif state!= key.islower():
            return False
    return True",failed: Fourth test error: True,True,False,,23.0,13.0,12.0,0.0,11.0,0.0,0.0,6.0,3.0,5.0,4.0,6.0,8.0,10.0,16.36452797660028,30.0,1.8,54.0,3.0,0.01,91.33115427427391
96,openai_humaneval,test,96,llama3_0_shot_finetuned_5_epoch,"def count_up_to(n):
    """"""Implement a function that takes an non-negative integer and returns an array of the first n
    integers that are prime numbers and less than n.
    for example:
    count_up_to(5) => [2,3]
    count_up_to(11) => [2,3,5,7]
    count_up_to(0) => []
    count_up_to(20) => [2,3,5,7,11,13,17,19]
    count_up_to(1) => []
    count_up_to(18) => [2,3,5,7,11,13,17]
    """"""
    primes = []
    for i in range(2, n):
        is_prime = True
        for j in range(2, i):
            if i % j == 0:
                is_prime = False
                break
        if is_prime:
            primes.append(i)
    return primes",passed,True,True,0.00023185133333451327,21.0,12.0,11.0,0.0,10.0,0.0,0.0,5.0,2.0,4.0,2.0,4.0,6.0,6.0,10.0,15.509775004326936,1.0,15.509775004326936,0.861654166907052,0.005169925001442312,94.32565975715623
97,openai_humaneval,test,97,llama3_0_shot_finetuned_5_epoch,"def multiply(a, b):
    """"""
    Complete the function that takes two integers and returns 
    the product of their unit digits.
    Assume the input is always valid.
    Examples:
    multiply(148, 412) should return 16.
    multiply(19, 28) should return 72.
    multiply(2020, 1851) should return 0.
    multiply(14,-15) should return 20.
    """"""
    return abs(a % 10) * abs(b % 10)",passed,True,True,0.00018505153333308043,12.0,3.0,2.0,0.0,10.0,0.0,0.0,1.0,2.0,5.0,3.0,6.0,7.0,9.0,13.60964047443681,25.26619429851844,1.2,30.319433158222125,1.6844129532345624,0.008422064766172813,50.48860327780407
98,openai_humaneval,test,98,llama3_0_shot_finetuned_5_epoch,"def count_upper(s):
    """"""
    Given a string s, count the number of uppercase vowels in even indices.
    
    For example:
    count_upper('aBCdEf') returns 1
    count_upper('abcdefg') returns 0
    count_upper('dBBE') returns 0
    """"""
    count = 0
    for i in range(0,len(s)+1,2):
        if s[i].upper() in ""AEIOU"":
            count += 1
    return count",failed: string index out of range,True,False,,14.0,7.0,6.0,0.0,7.0,1.0,0.0,3.0,2.0,5.0,3.0,6.0,7.0,9.0,13.60964047443681,25.26619429851844,1.2,30.319433158222125,1.6844129532345624,0.008422064766172813,94.30857441939425
99,openai_humaneval,test,99,llama3_0_shot_finetuned_5_epoch,"def closest_integer(value):
        '''
        Create a function that takes a value (string) representing a number
        and returns the closest integer to it. If the number is equidistant
        from two integers, round it away from zero.

        Examples
        >>> closest_integer(""10"")
        10
        >>> closest_integer(""15.3"")
        15

        Note:
        Rounding away from zero means that if the given number is equidistant
        from two integers, the one you should return is the one that is the
        farthest from zero. For example closest_integer(""14.5"") should
        return 15 and closest_integer(""-14.5"") should return -15.
        '''
        from math import floor, ceil
        num = float(value)
        if num == int(num):
            return int(num)
        if num > 0 if num % 1 >= 0.5 else < 0:
            return int(ceil(num))
        return int(floor(num))","failed: invalid syntax (<string>, line 23)",False,False,,,,,,,,,,,,,,,,,,,,,,
100,openai_humaneval,test,100,llama3_0_shot_finetuned_5_epoch,"def make_a_pile(n):
        """"""
        Given a positive integer n, you have to make a pile of n levels of stones.
        The first level has n stones.
        The number of stones in the next level is:
        - the next odd number if n is odd.
        - the next even number if n is even.
        Return the number of stones in each level in a list, where element at index
        i represents the number of stones in the level (i+1).

        Examples:
        >>> make_a_pile(3)
        [3, 5, 7]
        """"""
        return [n + 2*i if n % 2 else n + 2*i + 1 for i in range(n)]",failed: Test 4,True,False,,15.0,3.0,2.0,0.0,12.0,1.0,0.0,3.0,3.0,7.0,6.0,12.0,10.0,18.0,24.406371956566698,59.794705707972525,2.5714285714285716,153.75781467764364,8.542100815424646,0.019931568569324175,49.415510322109355
101,openai_humaneval,test,101,llama3_0_shot_finetuned_5_epoch,"def words_string(s):
        """"""
        You will be given a string of words separated by commas or spaces. Your task is
        to split the string into words and return an array of the words.
        
        For example:
        words_string(""Hi, my name is John"") == [""Hi"", ""my"", ""name"", ""is"", ""John""]
        words_string(""One, two, three, four, five, six"") == [""One"", ""two"", ""three"", ""four"", ""five"", ""six""]
        """"""
        if not s:
            return []

        s_list = []

        for letter in s:
            if letter in [',']:
                s_list.append(' ')
            else:
                s_list.append(letter)

        s_list = """".join(s_list).replace(',',' ')
        return s_list.split()",passed,True,True,0.00012237373333334745,22.0,12.0,11.0,0.0,7.0,4.0,0.0,4.0,2.0,3.0,2.0,3.0,5.0,5.0,6.754887502163469,11.60964047443681,1.0,11.60964047443681,0.6449800263576005,0.0038698801581456034,97.60604837377433
102,openai_humaneval,test,102,llama3_0_shot_finetuned_5_epoch,"def choose_num(x, y):
    """"""This function takes two positive numbers x and y and returns the
    biggest even integer number that is in the range [x, y] inclusive. If 
    there's no such number, then the function should return -1.

    For example:
    choose_num(12, 15) = 14
    choose_num(13, 12) = -1
    """"""
    if x > y:
        return -1
    if y % 2 == 0:
        return y
    if x == y:
        return -1
    for i in range(y-1, x, -1):
        if i % 2 == 0:
            return i
    return -1",passed,True,True,8.75616333334032e-05,19.0,12.0,11.0,0.0,7.0,1.0,0.0,6.0,5.0,8.0,11.0,18.0,13.0,29.0,35.60964047443681,107.31275182609167,5.625,603.6342290217657,33.53523494565365,0.03577091727536389,90.57427023560966
103,openai_humaneval,test,103,llama3_0_shot_finetuned_5_epoch,,failed: name 'rounded_avg' is not defined,True,False,,,,,,,,,,,,,,,,,,,,,,
104,openai_humaneval,test,104,llama3_0_shot_finetuned_5_epoch,"def unique_digits(x):
    """"""Given a list of positive integers x. return a sorted list of all 
    elements that hasn't any even digit.

    Note: Returned list should be sorted in increasing order.
    
    For example:
    >>> unique_digits([15, 33, 1422, 1])
    [1, 15, 33]
    >>> unique_digits([152, 323, 1422, 10])
    []
    """"""
    odd_digit_elements = [i for i in x if all (int(c) % 2 == 0 for c in str(i))]
    return sorted([i for i in x if all (int(c) % 2 == 1 for c in str(i))])",passed,True,True,0.00012465213333333244,14.0,4.0,3.0,0.0,9.0,2.0,0.0,7.0,2.0,7.0,4.0,8.0,9.0,12.0,21.651484454403228,38.03910001730775,1.1428571428571428,43.47325716263743,2.415180953479857,0.012679700005769252,62.21182192805974
105,openai_humaneval,test,105,llama3_0_shot_finetuned_5_epoch,,failed: name 'by_length' is not defined,True,False,,,,,,,,,,,,,,,,,,,,,,
106,openai_humaneval,test,106,llama3_0_shot_finetuned_5_epoch,"def f(n):
    """""" Implement the function f that takes n as a parameter,
    and returns a list of size n, such that the value of the element at index i is the factorial of i if i is even
    or the sum of numbers from 1 to i otherwise.
    i starts from 1.
    the factorial of i is the multiplication of the numbers from 1 to i (1 * 2 *... * i).
    Example:
    f(5) == [1, 2, 6, 24, 15]
    """"""
    result = []
    for i in range(1, n + 1):
        if i % 2 == 0:
            result.append(math.factorial(i))
        else:
            result.append(sum(range(1, i + 1)))
    return result",failed: name 'math' is not defined,True,False,,16.0,9.0,8.0,0.0,8.0,0.0,0.0,3.0,3.0,6.0,4.0,8.0,9.0,12.0,20.264662506490406,38.03910001730775,2.0,76.0782000346155,4.226566668589751,0.012679700005769252,93.35819823249946
107,openai_humaneval,test,107,llama3_0_shot_finetuned_5_epoch,,failed: name 'even_odd_palindrome' is not defined,True,False,,,,,,,,,,,,,,,,,,,,,,
108,openai_humaneval,test,108,llama3_0_shot_finetuned_5_epoch,,failed: name 'count_nums' is not defined,True,False,,,,,,,,,,,,,,,,,,,,,,
109,openai_humaneval,test,109,llama3_0_shot_finetuned_5_epoch,,failed: name 'move_one_ball' is not defined,True,False,,,,,,,,,,,,,,,,,,,,,,
110,openai_humaneval,test,110,llama3_0_shot_finetuned_5_epoch,"def exchange(lst1, lst2):
    """"""In this problem, you will implement a function that takes two lists of numbers,
    and determines whether it is possible to perform an exchange of elements
    between them to make lst1 a list of only even numbers.
    There is no limit on the number of exchanged elements between lst1 and lst2.
    If it is possible to exchange elements between the lst1 and lst2 to make
    all the elements of lst1 to be even, return ""YES"".
    Otherwise, return ""NO"".
    For example:
    exchange([1, 2, 3, 4], [1, 2, 3, 4]) => ""YES""
    exchange([1, 2, 3, 4], [1, 5, 3, 4]) => ""NO""
    It is assumed that the input lists will be non-empty.
    """"""
    odd = sum(1 for i in lst1 if i % 2)
    even = sum(1 for i in lst2 if i % 2 == 0)
    return ""YES"" if even >= odd else ""NO""",passed,True,True,0.00015695403333400768,16.0,5.0,4.0,0.0,12.0,0.0,0.0,6.0,3.0,6.0,4.0,8.0,9.0,12.0,20.264662506490406,38.03910001730775,2.0,76.0782000346155,4.226566668589751,0.012679700005769252,60.23233331327016
111,openai_humaneval,test,111,llama3_0_shot_finetuned_5_epoch,,failed: name 'histogram' is not defined,True,False,,,,,,,,,,,,,,,,,,,,,,
112,openai_humaneval,test,112,llama3_0_shot_finetuned_5_epoch,,failed: name 'reverse_delete' is not defined,True,False,,,,,,,,,,,,,,,,,,,,,,
113,openai_humaneval,test,113,llama3_0_shot_finetuned_5_epoch,"def odd_count(lst):
    res = []
    for arr in lst:
        n = sum(int(d)%2==1 for d in arr)
        res.append(f""the number of odd elements {n}n the str{n}ng {n} of the {n}nput."")
    return res",passed,True,True,8.903879999972256e-05,6.0,6.0,6.0,0.0,0.0,0.0,0.0,3.0,2.0,4.0,2.0,4.0,6.0,6.0,10.0,15.509775004326936,1.0,15.509775004326936,0.861654166907052,0.005169925001442312,74.28529248621352
114,openai_humaneval,test,114,llama3_0_shot_finetuned_5_epoch,,failed: name 'minSubArraySum' is not defined,True,False,,,,,,,,,,,,,,,,,,,,,,
115,openai_humaneval,test,115,llama3_0_shot_finetuned_5_epoch,,failed: name 'max_fill' is not defined,True,False,,,,,,,,,,,,,,,,,,,,,,
116,openai_humaneval,test,116,llama3_0_shot_finetuned_5_epoch,"def sort_array(arr):
    return sorted(sorted(arr), key=lambda x: (bin(x).count('1'),x))",passed,True,True,0.00024098043333348567,2.0,3.0,2.0,0.0,0.0,0.0,0.0,1.0,0.0,0.0,0.0,0.0,0.0,0.0,0.0,0.0,0.0,0.0,0.0,0.0,100.0
117,openai_humaneval,test,117,llama3_0_shot_finetuned_5_epoch,"def select_words(s, n):
    result = []
    for word in s.split():
        n_consonants = sum(1 for ch in word if ch.lower() not in ""aeiou"")
        if n_consonants == n:
            result.append(word)
    return result",passed,True,True,0.00019308146666692969,7.0,7.0,7.0,0.0,0.0,0.0,0.0,5.0,2.0,4.0,2.0,4.0,6.0,6.0,10.0,15.509775004326936,1.0,15.509775004326936,0.861654166907052,0.005169925001442312,72.55591177673892
118,openai_humaneval,test,118,llama3_0_shot_finetuned_5_epoch,"def get_closest_vowel(word):
    """"""You are given a word. Your task is to find the closest vowel that stands between 
    two consonants from the right side of the word (case sensitive).
    
    Vowels in the beginning and ending doesn't count. Return empty string if you didn't
    find any vowel met the above condition. 

    You may assume that the given string contains English letter only.

    Example:
    get_closest_vowel(""yogurt"") ==> ""u""
    get_closest_vowel(""FULL"") ==> ""U""
    get_closest_vowel(""quick"") ==> """"
    get_closest_vowel(""ab"") ==> """"
    """"""
    if len(word) < 3:
        return """"

    vowels = set(""aeiouAEIOU"")
    for i in range(len(word)-2, 0, -1):
        if word[i] in vowels:
            if word[i-1].lower() not in vowels and word[i+1].lower() not in vowels:
                return word[i]
    return """"",passed,True,True,0.00012981203332553074,24.0,10.0,9.0,0.0,11.0,4.0,0.0,6.0,7.0,12.0,9.0,17.0,19.0,26.0,62.67103446305711,110.44611534953322,4.958333333333333,547.6286552747688,30.4238141819316,0.03681537178317774,85.05599982171698
119,openai_humaneval,test,119,llama3_0_shot_finetuned_5_epoch,".python
def match_parens(lst):
    '''
    You are given a list of two strings, both strings consist of open
    parentheses '(' or close parentheses ')' only.
    Your job is to check if it is possible to concatenate the two strings in
    some order, that the resulting string will be good.
    A string S is considered to be good if and only if all parentheses in S
    are balanced. For example: the string '(())()' is good, while the string
    '())' is not.
    Return 'Yes' if there's a way to make a good string, and return 'No' otherwise.

    Examples:
    match_parens(['()(', ')']) == 'Yes'
    match_parens([')', ')']) == 'No'
    '''
    def check(s):
        val = 0
        for i in s:
            if i == '(':
                val = val + 1
            else:
                val = val - 1
            if val < 0:
                return False
        return True if val == 0 else False

    S1 = lst[0] + lst[1]
    S2 = lst[1] + lst[0]
    return 'Yes' if check(S1) or check(S2) else 'No'","failed: invalid syntax (<string>, line 1)",False,False,,,,,,,,,,,,,,,,,,,,,,
120,openai_humaneval,test,120,llama3_0_shot_finetuned_5_epoch,,failed: name 'maximum' is not defined,True,False,,,,,,,,,,,,,,,,,,,,,,
121,openai_humaneval,test,121,llama3_0_shot_finetuned_5_epoch,,failed: name 'solution' is not defined,True,False,,,,,,,,,,,,,,,,,,,,,,
122,openai_humaneval,test,122,llama3_0_shot_finetuned_5_epoch,,failed: name 'add_elements' is not defined,True,False,,,,,,,,,,,,,,,,,,,,,,
123,openai_humaneval,test,123,llama3_0_shot_finetuned_5_epoch,"def get_odd_collatz(n):
        """"""
        Given a positive integer n, return a sorted list that has the odd numbers in collatz sequence.

        The Collatz conjecture is a conjecture in mathematics that concerns a sequence defined
        as follows: start with any positive integer n. Then each term is obtained from the 
        previous term as follows: if the previous term is even, the next term is one half of 
        the previous term. If the previous term is odd, the next term is 3 times the previous
        term plus 1. The conjecture is that no matter what value of n, the sequence will always reach 1.

        Note: 
            1. Collatz(1) is [1].
            2. returned list sorted in increasing order.

        For example:
        get_odd_collatz(5) returns [1, 5] # The collatz sequence for 5 is [5, 16, 8, 4, 2, 1], so the odd numbers are only 1, and 5.
        """"""
        odd_collatz = [n]
        while n > 1:
            n = n + 1 if n % 2 else n // 2
            if n % 2:
                odd_collatz.append(n)
        return sorted(set(odd_collatz))",failed: ,True,False,,23.0,8.0,7.0,0.0,13.0,3.0,0.0,4.0,4.0,3.0,5.0,10.0,7.0,15.0,12.75488750216347,42.11032383086406,6.666666666666667,280.7354922057604,15.596416233653356,0.01403677461028802,77.52550033973722
124,openai_humaneval,test,124,llama3_0_shot_finetuned_5_epoch,,failed: name 'valid_date' is not defined,True,False,,,,,,,,,,,,,,,,,,,,,,
125,openai_humaneval,test,125,llama3_0_shot_finetuned_5_epoch,"def split_words(txt):
    '''
    Given a string of words, return a list of words split on whitespace, if no whitespaces exists in the text you
    should split on commas ',' if no commas exists you should return the number of lower-case letters with odd order in the
    alphabet, ord('a') = 0, ord('b') = 1,... ord('z') = 25
    Examples
    split_words(""Hello world!"") ➞ [""Hello"", ""world!""]
    split_words(""Hello,world!"") ➞ [""Hello"", ""world!""]
    split_words(""abcdef"") == 3 
    '''
    if "" "" in txt:
        return txt.split()
    elif "","" in txt:
        return txt.replace(',',' ').split()
    else:
        return sum(ord(i)%2 for i in txt if i.islower())",failed: ,True,False,,16.0,8.0,7.0,0.0,9.0,0.0,0.0,5.0,2.0,5.0,3.0,6.0,7.0,9.0,13.60964047443681,25.26619429851844,1.2,30.319433158222125,1.6844129532345624,0.008422064766172813,90.62016009661771
126,openai_humaneval,test,126,llama3_0_shot_finetuned_5_epoch,"def is_sorted(lst):
    '''
    Given a list of numbers, return whether or not they are sorted
    in ascending order. If list has more than 1 duplicate of the same
    number, return False. Assume no negative numbers and only integers.

    Examples
    is_sorted([5]) ➞ True
    is_sorted([1, 2, 3, 4, 5]) ➞ True
    is_sorted([1, 3, 2, 4, 5]) ➞ False
    is_sorted([1, 2, 3, 4, 5, 6]) ➞ True
    is_sorted([1, 2, 3, 4, 5, 6, 7]) ➞ True
    is_sorted([1, 3, 2, 4, 5, 6, 7]) ➞ False
    is_sorted([1, 2, 2, 3, 3, 4]) ➞ True
    is_sorted([1, 2, 2, 2, 3, 4]) ➞ False
    '''
    count_digit = {i: 0 for i in set(lst)}
    for i in lst:
        count_digit[i] += 1
    if any(count_digit[i] > 1 for i in lst):
        return False
    if all(lst[i - 1] <= lst[i] for i in range(1, len(lst))):
        return True
    else:
        return False",failed: This prints if this assert fails 7 (good for debugging!),True,False,,25.0,12.0,10.0,0.0,14.0,1.0,0.0,7.0,4.0,6.0,4.0,8.0,10.0,12.0,23.509775004326936,39.863137138648355,2.6666666666666665,106.3016990363956,5.905649946466422,0.013287712379549451,82.91944075827894
127,openai_humaneval,test,127,llama3_0_shot_finetuned_5_epoch,"def intersection(interval1, interval2):
    """"""You are given two intervals,
    where each interval is a pair of integers. For example, interval = (start, end) = (1, 2).
    The given intervals are closed which means that the interval (start, end)
    includes both start and end.
    For each given interval, it is assumed that its start is less or equal its end.
    Your task is to determine whether the length of intersection of these two 
    intervals is a prime number.
    Example, the intersection of the intervals (1, 3), (2, 4) is (2, 3)
    which its length is 1, which not a prime number.
    If the length of the intersection is a prime number, return ""YES"",
    otherwise, return ""NO"".
    If the two intervals don't intersect, return ""NO"".
    [input/output] samples:
    intersection((1, 2), (2, 3)) ==> ""NO""
    intersection((-1, 1), (0, 4)) ==> ""NO""
    intersection((-3, -1), (-5, 5)) ==> ""YES""
    """"""
    def is_prime(num):
        if num == 1 or num == 0:
            return False
        if num == 2:
            return True
        for i in range(2, num):
            if num%i == 0:
                return False
        return True

    l = max(interval1[0], interval2[0])
    r = min(interval1[1], interval2[1])
    length = r - l + 1
    if length > 0 and is_prime(length):
        return ""YES""
    return ""NO""",failed: ,True,False,,34.0,17.0,16.0,0.0,17.0,1.0,0.0,3.0,7.0,16.0,10.0,20.0,23.0,30.0,83.65148445440323,135.7068586817104,4.375,593.717506732483,32.98430592958239,0.04523561956057014,82.51775293966142
128,openai_humaneval,test,128,llama3_0_shot_finetuned_5_epoch,,failed: name 'prod_signs' is not defined,True,False,,,,,,,,,,,,,,,,,,,,,,
129,openai_humaneval,test,129,llama3_0_shot_finetuned_5_epoch,,failed: name 'minPath' is not defined,True,False,,,,,,,,,,,,,,,,,,,,,,
130,openai_humaneval,test,130,llama3_0_shot_finetuned_5_epoch,,failed: name 'tri' is not defined,True,False,,,,,,,,,,,,,,,,,,,,,,
131,openai_humaneval,test,131,llama3_0_shot_finetuned_5_epoch,"def digits(n):
    """"""Given a positive integer n, return the product of the odd digits.
    Return 0 if all digits are even.
    For example:
    digits(1)  == 1
    digits(4)  == 0
    digits(235) == 15
    """"""
    product =1
    for digit in str(n):
        int_digit = int(digit)
        if int_digit % 2 == 1:
            product *= int_digit
    return product if product else 0",failed: ,True,False,,14.0,8.0,7.0,0.0,7.0,0.0,0.0,4.0,3.0,5.0,3.0,6.0,8.0,9.0,16.36452797660028,27.0,1.8,48.6,2.7,0.009,95.38189956750045
132,openai_humaneval,test,132,llama3_0_shot_finetuned_5_epoch,,failed: name 'is_nested' is not defined,True,False,,,,,,,,,,,,,,,,,,,,,,
133,openai_humaneval,test,133,llama3_0_shot_finetuned_5_epoch,,failed: name 'sum_squares' is not defined,True,False,,,,,,,,,,,,,,,,,,,,,,
134,openai_humaneval,test,134,llama3_0_shot_finetuned_5_epoch,"def check_if_last_char_is_a_letter(txt):
        '''
        Create a function that returns True if the last character
        of a given string is an alphabetical character and is not
        a part of a word, and False otherwise.
        Note: ""word"" is a group of characters separated by space.

        Examples:
        check_if_last_char_is_a_letter(""apple pie"") ➞ False
        check_if_last_char_is_a_letter(""apple pi e"") ➞ True
        check_if_last_char_is_a_letter(""apple pi e "") ➞ False
        check_if_last_char_is_a_letter("""") ➞ False 
        '''
        words = txt.split()
        if len(words) == 0:
            return False
        last_word = words[-1]
        if len(last_word) == 0:
            return False
        return last_word[-1].isalpha()",failed: ,True,False,,20.0,9.0,8.0,0.0,11.0,1.0,0.0,3.0,2.0,4.0,4.0,6.0,6.0,10.0,10.0,25.84962500721156,1.5,38.77443751081734,2.1541354172676304,0.00861654166907052,87.9914464205307
135,openai_humaneval,test,135,llama3_0_shot_finetuned_5_epoch,"def can_arrange(arr):
        ind=-1
        i=1
        while i<len(arr):
          if arr[i-1] > arr[i]:
            ind=i
          i+=1
        return ind",passed,True,True,0.00013774489999984023,8.0,8.0,8.0,0.0,0.0,0.0,0.0,3.0,5.0,5.0,5.0,9.0,10.0,14.0,23.21928094887362,46.50699332842308,4.5,209.28146997790384,11.62674833210577,0.01550233110947436,68.22053392308379
136,openai_humaneval,test,136,llama3_0_shot_finetuned_5_epoch,,failed: name 'largest_smallest_integers' is not defined,True,False,,,,,,,,,,,,,,,,,,,,,,
137,openai_humaneval,test,137,llama3_0_shot_finetuned_5_epoch,"python
def compare_one(a, b):
    """"""
    Create a function that takes integers, floats, or strings representing
    real numbers, and returns the larger variable in its given variable type.
    Return None if the values are equal.
    Note: If a real number is represented as a string, the floating point might be. or,

    compare_one(1, 2.5) ➞ 2.5
    compare_one(1, ""2,3"") ➞ ""2,3""
    compare_one(""5,1"", ""6"") ➞ ""6""
    compare_one(""1"", 1) ➞ None
    """"""
    if isinstance(a, str): a = a.replace(',','.')
    if isinstance(b, str): b = b.replace(',','.')
    if a == b: return None
    return a if float(a) > float(b) else b",failed: name 'python' is not defined,False,False,,,,,,,,,,,,,,,,,,,,,,
138,openai_humaneval,test,138,llama3_0_shot_finetuned_5_epoch,"def is_equal_to_sum_even(n):
    """"""Evaluate whether the given number n can be written as the sum of exactly 4 positive even numbers
    Example
    is_equal_to_sum_even(4) == False
    is_equal_to_sum_even(6) == False
    is_equal_to_sum_even(8) == True
    """"""
    return n % 2 == 0 and 4 * 2 <= n",passed,True,True,8.701213333400422e-05,8.0,3.0,2.0,0.0,6.0,0.0,0.0,2.0,5.0,8.0,5.0,10.0,13.0,15.0,35.60964047443681,55.506595772116384,3.125,173.4581117878637,9.636561765992427,0.01850219859070546,64.46061475186869
139,openai_humaneval,test,139,llama3_0_shot_finetuned_5_epoch,,failed: name 'special_factorial' is not defined,True,False,,,,,,,,,,,,,,,,,,,,,,
140,openai_humaneval,test,140,llama3_0_shot_finetuned_5_epoch,"def fix_spaces(text):
        """"""
        Given a string text, replace all spaces in it with underscores, 
        and if a string has more than 2 consecutive spaces, 
        then replace all consecutive spaces with - 
    
        fix_spaces(""Example"") == ""Example""
        fix_spaces(""Example 1"") == ""Example_1""
        fix_spaces("" Example 2"") == ""_Example_2""
        fix_spaces("" Example   3"") == ""_Example-3""
        """"""
        new_text = """"
        i = 0
        start, end = 0, 0
        while i < len(text):
            if text[i] == "" "":
                end += 1
            else:
                if end - start > 2:
                    new_text += ""-""+text[i]
                elif end - start > 0:
                    new_text += ""_""*(end - start)+text[i]
                else:
                    new_text += text[i]
                start, end = i+1, i+1
            i+=1
        if end - start > 2:
            new_text += ""-""
        elif end - start > 0:
            new_text += ""_""
        return new_text",passed,True,True,8.59504333334371e-05,31.0,22.0,21.0,0.0,9.0,1.0,0.0,7.0,6.0,23.0,23.0,46.0,29.0,69.0,119.55169999363824,335.2006886638025,6.0,2011.204131982815,111.73356288793417,0.11173356288793417,80.66360721541315
141,openai_humaneval,test,141,llama3_0_shot_finetuned_5_epoch,,failed: name 'file_name_check' is not defined,True,False,,,,,,,,,,,,,,,,,,,,,,
142,openai_humaneval,test,142,llama3_0_shot_finetuned_5_epoch,,failed: name 'sum_squares' is not defined,True,False,,,,,,,,,,,,,,,,,,,,,,
143,openai_humaneval,test,143,llama3_0_shot_finetuned_5_epoch,"def words_in_sentence(sentence):
    new_lst = []
    for word in sentence.split():
        if all(word[i + 1] for i in range(len(word) - 1) if word[i + 1]!= word[i]):
            new_lst.append(word)
    return "" "".join(new_lst)",failed: ,True,False,,6.0,6.0,6.0,0.0,0.0,0.0,0.0,5.0,3.0,5.0,4.0,8.0,8.0,12.0,16.36452797660028,36.0,2.4,86.39999999999999,4.8,0.012,71.45567141434721
144,openai_humaneval,test,144,llama3_0_shot_finetuned_5_epoch,"def simplify(x, n):
    a, b = map(int, x.split('/'))
    c, d = map(int, n.split('/'))
    numerator = a * c
    denom = b * d
    return numerator // denom == numerator / denom",passed,True,True,0.0001708998333333452,6.0,6.0,6.0,0.0,0.0,0.0,0.0,1.0,4.0,8.0,5.0,10.0,12.0,15.0,32.0,53.77443751081735,2.5,134.43609377704337,7.468671876502409,0.017924812503605784,70.77341864342087
145,openai_humaneval,test,145,llama3_0_shot_finetuned_5_epoch,,failed: name 'order_by_points' is not defined,True,False,,,,,,,,,,,,,,,,,,,,,,
146,openai_humaneval,test,146,llama3_0_shot_finetuned_5_epoch,,failed: name 'specialFilter' is not defined,True,False,,,,,,,,,,,,,,,,,,,,,,
147,openai_humaneval,test,147,llama3_0_shot_finetuned_5_epoch,,failed: name 'get_max_triples' is not defined,True,False,,,,,,,,,,,,,,,,,,,,,,
148,openai_humaneval,test,148,llama3_0_shot_finetuned_5_epoch,"def bf(planet1, planet2):
        planet_names = (""Mercury"", ""Venus"", ""Earth"", ""Mars"", ""Jupiter"", ""Saturn"", ""Uranus"", ""Neptune"")
        if planet1 not in planet_names or planet2 not in planet_names or planet1 == planet2:
            return ()
        planet1_index = planet_names.index(planet1)
        planet2_index = planet_names.index(planet2)
        if planet1_index < planet2_index:
            return tuple(planet_names[i] for i in range(planet1_index + 1, planet2_index))
        else:
            return tuple(planet_names[i] for i in range(planet2_index + 1, planet1_index))",passed,True,True,0.00016462166666618335,10.0,10.0,10.0,0.0,0.0,0.0,0.0,7.0,5.0,9.0,7.0,15.0,14.0,22.0,40.13896548741762,83.76180828526728,4.166666666666667,349.00753452194704,19.3893074734415,0.02792060276175576,63.77932180489255
149,openai_humaneval,test,149,llama3_0_shot_finetuned_5_epoch,"python
def sorted_list_sum(lst):
    return sorted([i for i in lst if len(i)%2 == 0], key=len)",failed: name 'python' is not defined,False,False,,,,,,,,,,,,,,,,,,,,,,
150,openai_humaneval,test,150,llama3_0_shot_finetuned_5_epoch,"python
def x_or_y(n, x, y):
    """"""A simple program which should return the value of x if n is 
    a prime number and should return the value of y otherwise.

    Examples:
    for x_or_y(7, 34, 12) == 34
    for x_or_y(15, 8, 5) == 5
    
    """"""
    if n < 2:
        return y
    for i in range(2, int(n**0.5)+1):
        if n % i == 0:
            return y
    return x",failed: name 'python' is not defined,False,False,,,,,,,,,,,,,,,,,,,,,,
151,openai_humaneval,test,151,llama3_0_shot_finetuned_5_epoch,,failed: name 'double_the_difference' is not defined,True,False,,,,,,,,,,,,,,,,,,,,,,
152,openai_humaneval,test,152,llama3_0_shot_finetuned_5_epoch,"python
def compare(game,guess):
    """"""I think we all remember that feeling when the result of some long-awaited
    event is finally known. The feelings and thoughts you have at that moment are
    definitely worth noting down and comparing.
    Your task is to determine if a person correctly guessed the results of a number of matches.
    You are given two arrays of scores and guesses of equal length, where each index shows a match. 
    Return an array of the same length denoting how far off each guess was. If they have guessed correctly,
    the value is 0, and if not, the value is the absolute difference between the guess and the score.
    example:

    compare([1,2,3,4,5,1],[1,2,3,4,2,-2]) -> [0,0,0,0,3,3]
    compare([0,5,0,0,0,4],[4,1,1,0,0,-2]) -> [4,4,1,0,0,6]
    """"""
    return [abs(x-y) for x,y in zip(game,guess)]",failed: name 'python' is not defined,False,False,,,,,,,,,,,,,,,,,,,,,,
153,openai_humaneval,test,153,llama3_0_shot_finetuned_5_epoch,,failed: name 'Strongest_Extension' is not defined,True,False,,,,,,,,,,,,,,,,,,,,,,
154,openai_humaneval,test,154,llama3_0_shot_finetuned_5_epoch,,failed: name 'cycpattern_check' is not defined,True,False,,,,,,,,,,,,,,,,,,,,,,
155,openai_humaneval,test,155,llama3_0_shot_finetuned_5_epoch,,failed: name 'even_odd_count' is not defined,True,False,,,,,,,,,,,,,,,,,,,,,,
156,openai_humaneval,test,156,llama3_0_shot_finetuned_5_epoch,"def int_to_mini_roman(number):
        """"""
        Given a positive integer, obtain its roman numeral equivalent as a string,
        and return it in lowercase.
        Restrictions: 1 <= num <= 1000

        Examples:
        >>> int_to_mini_roman(19) == 'xix'
        >>> int_to_mini_roman(152) == 'clii'
        >>> int_to_mini_roman(426) == 'cdxxvi'
        """"""
        num = [1000,900,500,400,100,90,50,40,10,9,5,4,1]
        sym = [""M"",""CM"",""D"",""CD"",""C"",""XC"",""L"",""XL"",""X"",""IX"",""V"",""IV"",""I""]
        roman_num = ''
        i = len(num)-1
        while  number:
            for j in range(i,-1,-1):
                if number >= num[j]:
                    number -=num[j]
                    roman_num +=sym[j]
                    break
        return roman_num.lower()",failed: ,True,False,,22.0,13.0,12.0,0.0,9.0,1.0,0.0,4.0,4.0,7.0,6.0,10.0,11.0,16.0,27.651484454403228,55.350905898196764,2.857142857142857,158.14544542341932,8.785858079078851,0.018450301966065587,91.46844689593551
157,openai_humaneval,test,157,llama3_0_shot_finetuned_5_epoch,"def right_angle_triangle(a, b, c):
    '''
    Given the lengths of the three sides of a triangle. Return True if the three
    sides form a right-angled triangle, False otherwise.
    A right-angled triangle is a triangle in which one angle is right angle or 
    90 degree.
    Example:
    right_angle_triangle(3, 4, 5) == True
    right_angle_triangle(1, 2, 3) == False
    '''
    return a**2 == b**2 + c**2 or b**2 == a**2 + c**2 or c**2 == a**2 + b**2",passed,True,True,0.0001531508999998247,11.0,3.0,2.0,0.0,9.0,0.0,0.0,3.0,4.0,19.0,16.0,33.0,23.0,49.0,88.71062275542812,221.65453584679364,3.473684210526316,769.9578613625464,42.77543674236369,0.07388484528226455,44.979836662464045
158,openai_humaneval,test,158,llama3_0_shot_finetuned_5_epoch,,failed: name 'find_max' is not defined,True,False,,,,,,,,,,,,,,,,,,,,,,
159,openai_humaneval,test,159,llama3_0_shot_finetuned_5_epoch,"def eat(number, need, remaining):
        """"""
        You're a hungry rabbit, and you already have eaten a certain number of carrots,
        but now you need to eat more carrots to complete the day's meals.
        you should return an array of [ total number of eaten carrots after your meals,
                                    the number of carrots left after your meals ]
        if there are not enough remaining carrots, you will eat all remaining carrots, but will still be hungry.
        
        Example:
        * eat(5, 6, 10) -> [11, 4]
        * eat(4, 8, 9) -> [12, 1]
        * eat(1, 10, 10) -> [11, 0]
        * eat(2, 11, 5) -> [7, 0]
        
        Variables:
        @number : integer
            the number of carrots that you have eaten.
        @need : integer
            the number of carrots that you need to eat.
        @remaining : integer
            the number of remaining carrots thet exist in stock
        
        Constrain:
        * 0 <= number <= 1000
        * 0 <= need <= 1000
        * 0 <= remaining <= 1000

        Have fun :)
        """"""
        if need <= remaining:
            return [number + need, remaining - need]
        else:
            return [number + remaining, 0]",passed,True,True,0.0001155601333332849,33.0,6.0,5.0,0.0,24.0,4.0,0.0,2.0,3.0,3.0,4.0,8.0,6.0,12.0,9.509775004326938,31.019550008653873,4.0,124.07820003461549,6.893233335256416,0.010339850002884624,43.50713319486604
160,openai_humaneval,test,160,llama3_0_shot_finetuned_5_epoch,,failed: name 'do_algebra' is not defined,True,False,,,,,,,,,,,,,,,,,,,,,,
161,openai_humaneval,test,161,llama3_0_shot_finetuned_5_epoch,,failed: name 'solve' is not defined,True,False,,,,,,,,,,,,,,,,,,,,,,
162,openai_humaneval,test,162,llama3_0_shot_finetuned_5_epoch,".python
def string_to_md5(text):
    """"""
    Given a string 'text', return its md5 hash equivalent string.
    If 'text' is an empty string, return None.

    >>> string_to_md5('Hello world') == '3e25960a79dbc69b674cd4ec67a72c62'
    """"""
    import hashlib
    if not text:
        return None
    return hashlib.md5(text.encode('ascii')).hexdigest()","failed: invalid syntax (<string>, line 1)",False,False,,,,,,,,,,,,,,,,,,,,,,
163,openai_humaneval,test,163,llama3_0_shot_finetuned_5_epoch,"def generate_integers(a, b):
    """"""
    Given two positive integers a and b, return the even digits between a
    and b, in ascending order.

    For example:
    generate_integers(2, 8) => [2, 4, 6, 8]
    generate_integers(8, 2) => [2, 4, 6, 8]
    generate_integers(10, 14) => []
    """"""
    lower = min(a, b)
    upper = max(a, b)
    return [i for i in range(lower, upper+1) if i % 2 == 0]",failed: Test 1,True,False,,13.0,5.0,4.0,0.0,8.0,1.0,0.0,3.0,3.0,6.0,3.0,6.0,9.0,9.0,20.264662506490406,28.529325012980813,1.5,42.793987519471216,2.377443751081734,0.009509775004326938,80.28972953631143
